id;section_type;delay_in_ms;hidden;content_id;content_emotion
1;Gourde US Dollar models Grocery;40755;false;Rhode Island back-end virtual;grid-enabled mobile
2;Auto Loan Account green 1080p;32696;true;Rustic Rubber Fish indexing Virginia;intangible Buckinghamshire
3;turquoise;5990;true;FTP Garden embrace;interface
4;Industrial Small Plastic Salad parsing;41423;false;Optimization;UAE Dirham Home Loan Account 1080p
5;24/7 South Africa Implemented;75108;false;web services Operations exploit;Alabama index Focused
6;Triple-buffered;24112;true;Versatile;grey Sharable Intelligent
7;24 hour Representative;26136;false;Forward payment Ergonomic Granite Bacon;synthesize Investment Account navigate
8;transform Colorado zero administration;30516;true;Louisiana program;Georgia Rustic Metal Keyboard
9;invoice Legacy payment;59144;true;repurpose Intelligent rich;Fresh panel
10;implement quantify Upgradable;59466;true;red engineer Health;cross-platform Licensed Cotton Chair
